name;dateofbirth;dateofdeath;movement_label;country_label
Франц фон Байрос;1866;1924;Модерн;Австрия
Шарль Л'Эплатенье;1874;1946;Модерн;Швейцария
Альфонс Муха;1860;1939;Модерн;
Фердинанд Ходлер;1853;1918;;Швейцария
Оскар Цвинчер;1870;1916;Модерн;Германия
Обри Винсент Бёрдслей;1872;1898;;Великобритания
Микалоюс Константинас Чюрлёнис;1875;1911;Модерн;Российская империя
Штефан Лучиан;1868;1916;;Румыния
Хуан Луна;1857;1899;Академизм;Филиппины
Франц Ксавер Винтерхальтер;1805;1873;Академизм;Германская империя
Леон Жозеф Флорантен Бонна;1833;1922;Академизм;Франция
Войтех Гинайс;1854;1925;Академизм;Чехия
Джордж Фредерик Уоттс;1817;1904;Академизм;Великобритания
Генрих Ипполитович Семирадский;1843;1902;Академизм;Польша
Жан-Леон Жером;1824;1904;;Франция
Эмиль Байяр;1837;1891;Академизм;Франция
Этьен Проспер Берн-Белькур;1838;1910;Академизм;Франция
Элизабет Гарднер;1837;1922;Академизм;Соединённые Штаты Америки
Александр Кабанель;1823;1889;Академизм;Франция
Герман фон Каульбах;1846;1909;Академизм;Германия
Тома Кутюр;1815;1879;Академизм;Франция
Жан-Луи-Эрнест Месонье;1815;1891;Академизм;Франция
Жюль Жозеф Лефевр;1834;1912;Академизм;Королевство Франция
Миколаш Алеш;1852;1913;Академизм;Чехия
Фернан Кормон;1845;1924;Академизм;Франция
Константин Егорович Маковский;1839;1915;;Российская империя
Амели Бори-Сорель;1848;1924;Академизм;Франция
Вильям Бугро;1825;1905;;
Степан Владиславович Бакалович;1857;1947;Академизм;Польша
Пол Пил;1860;1892;;Канада
Рогир ван дер Вейден;1390;1464;Ранняя нидерландская живопись;Бургундские Нидерланды
Ян ван Эйк;1390;1441;Ранняя нидерландская живопись;Южные Нидерланды
Ганс Мемлинг;1435;1494;Ранняя нидерландская живопись;
Петрус Кристус;1410;1475;Ранняя нидерландская живопись;
Дирк Баутс;1415;1475;Ранняя нидерландская живопись;Королевство Нидерландов
Герард Давид;1450;1523;Ранняя нидерландская живопись;
Жан Старший Кузен;1500;1589;Высокий Ренессанс;Франция
Леонардо да Винчи;1452;1519;Высокий Ренессанс;Флорентийская республика
Андреа дель Сарто;1486;1530;Высокий Ренессанс;Италия
Микеланджело;1475;1564;;Флорентийская республика
Донато Браманте;1444;1514;Высокий Ренессанс;Италия
Джорджоне;1478;1510;Высокий Ренессанс;Италия
Франческо Пармиджанино;1503;1540;;Италия
Тициан;1490;1576;;Венецианская республика
Лоренцо Лотто;1480;;Высокий Ренессанс;Италия
Франческо Мельци;1491;1568;Высокий Ренессанс;
Салаи;1480;1524;Высокий Ренессанс;
Юстус Сустерманс;1597;1681;Высокий Ренессанс;
Рембрандт;1606;1669;Золотой век голландской живописи;Республика Соединённых провинций
Виллем Кальф;1619;1693;Золотой век голландской живописи;Республика Соединённых провинций
Ян Вермеер;1632;1675;;Республика Соединённых провинций
Рулант Саверей;1576;1639;Золотой век голландской живописи;
Ян Стен;1626;1679;Золотой век голландской живописи;
Клара Петерс;1594;1657;Золотой век голландской живописи;
Ян ван Гойен;1596;1656;Золотой век голландской живописи;Республика Соединённых провинций
Герард Доу;1613;1675;Золотой век голландской живописи;Нидерланды
Питер Клас;1597;1660;Золотой век голландской живописи;Нидерланды
Арт Ван дер Нер;1600;1677;Золотой век голландской живописи;Нидерланды
Говерт Флинк;1615;1660;;Нидерланды
Ламберт Якобс;1598;1636;Золотой век голландской живописи;Нидерланды
Якоб ван Лоо;1614;1670;Золотой век голландской живописи;
Портрет Якоба де Гейна III;1596;1641;Золотой век голландской живописи;Нидерланды
Клод Моне;1840;1926;Импрессионизм;Франция
Анри Матисс;1869;1954;;Франция
Пьер Огюст Ренуар;1841;1919;Импрессионизм;Франция
Эдуард Мане;1832;1883;Импрессионизм;Франция
Эдгар Дега;1834;1917;Импрессионизм;Франция
Берта Моризо;1841;1895;Импрессионизм;Франция
Камиль Писсарро;1830;1903;;
Джозеф Родефер Де Камп;1858;1923;Импрессионизм;Соединённые Штаты Америки
Макс Либерман;1847;1935;Импрессионизм;Германия
Зинаида Евгеньевна Серебрякова;1884;1967;Импрессионизм;
Мэри Стивенсон Кэссэтт;1844;1926;Импрессионизм;Соединённые Штаты Америки
Альфред Сислей;1839;1899;Импрессионизм;
Виктор Мадарас;1830;1917;Импрессионизм;Венгрия
Фредерик Базиль;1841;1870;Импрессионизм;Франция
Эжен Буден;1824;1898;Импрессионизм;Франция
Валентин Александрович Серов;1865;1911;Импрессионизм;Российская империя
Мари Бракемон;1840;1916;Импрессионизм;Франция
Ольга Визингер-Флориан;1844;1926;Импрессионизм;Австрия
Гюстав Кайботт;1848;1894;Импрессионизм;Франция
Педер Северин Кройер;1851;1909;Импрессионизм;
Жан Александр Стериади;1880;1956;;Румыния
Арман Гийомен;1841;1927;Импрессионизм;Франция
Константин Алексеевич Коровин;1861;1939;Импрессионизм;
Слава Рашкай;1877;1906;Импрессионизм;Хорватия
Николае Григореску;1838;1907;;Румыния
Ева Гонсалес;1849;1883;Импрессионизм;Франция
Мария Спартали Стиллман;1844;1927;Прерафаэлиты;Великобритания
Эдмунд Лейтон;1852;1922;Прерафаэлиты;Великобритания
Фредерик Лейтон;1830;1896;Прерафаэлиты;Великобритания
Джон Рёскин;1819;1900;Прерафаэлиты;Великобритания
Уильям Холман Хант;1827;1910;Прерафаэлиты;Великобритания
Джон Уильям Уотерхаус;1849;1917;;
Эдвард Коли Бёрн-Джонс;1833;1898;Прерафаэлиты;Великобритания
Эвелин де Морган;1855;1919;Прерафаэлиты;Великобритания
Софи Жанжамбр Андерсон;1823;1903;Прерафаэлиты;
Эффи Грей;1828;1897;Прерафаэлиты;Великобритания
Мария Замбако;1843;1914;Прерафаэлиты;Великобритания
Форд Мэдокс Браун;1821;1893;Прерафаэлиты;Соединённое королевство Великобритании и Ирландии
Артур Хьюз;1832;1915;Прерафаэлиты;Великобритания
Джон Кольер;1850;1934;Прерафаэлиты;Великобритания
Элизабет Сиддал;1829;1862;Прерафаэлиты;Великобритания
Джон Бретт;1831;1902;Прерафаэлиты;Великобритания
Томас Купер Готч;1854;1931;Прерафаэлиты;Великобритания
Томас Седдон;1821;1856;Прерафаэлиты;Великобритания
Чарльз Олстон Коллинз;1828;1873;Прерафаэлиты;Великобритания
Оскар Густав Рейландер;1813;1875;;
Симеон Соломон;1840;1905;Прерафаэлиты;Великобритания
Генри Уоллис;1830;1916;Прерафаэлиты;Великобритания
Дэниел Маклис;1806;1870;Прерафаэлиты;Ирландия
Джордж Прайс Бойс;1826;1897;Прерафаэлиты;Великобритания
Энтони Фредерик Огастас Сэндис;1829;1904;Прерафаэлиты;Великобритания
Уолтер Хоуэлл Деверелл;1827;1854;Прерафаэлиты;Великобритания
Генри Холидей;1839;1927;Прерафаэлиты;Великобритания
Тинторетто;1519;1594;;Италия
Джакомо Пальма;1480;1528;Венецианская школа живописи;Италия
Рафаэль Санти;1483;1520;Итальянское Возрождение;
Фра Беато Анджелико;1400;1455;Итальянское Возрождение;Флорентийская республика
Мазаччо;1402;1428;Итальянское Возрождение;
Доменико Гирландайо;1448;1494;Итальянское Возрождение;
Беноццо Гоццоли;1420;1497;Итальянское Возрождение;
Даниэль Рабель;1578;1637;Барокко;Франция
Хасинто Херонимо де Эспиноса;1600;1667;Барокко;Испания
Ян Филипп ван Тилен;1618;1667;Барокко;Южные Нидерланды
Франсиско Гойя;1746;1828;Романтизм;Испания
Эжен Делакруа;1798;1863;Романтизм;Франция
Фредерик Кезервуд;1799;1854;Романтизм;Великобритания
Каспар Вольф;1735;1783;Романтизм;Швейцария
Уильям Блейк;1757;1827;Романтизм;Соединённое королевство Великобритании и Ирландии
Михаил Юрьевич Лермонтов;1814;1841;Романтизм;Российская империя
Иоганн Генрих Фюссли;1741;1825;Романтизм;Швейцария
Жан Оноре Фрагонар;1732;1806;Романтизм;
Тарас Григорьевич Шевченко;1814;1861;Романтизм;Российская империя
Джон Констебл;1776;1837;;Великобритания
Уильям Тёрнер;1775;1851;Романтизм;
Орас Верне;1789;1863;Романтизм;Франция
Аксели Галлен-Каллела;1865;1931;;Финляндия
Иван Константинович Айвазовский;1817;1900;Романтизм;Российская империя
Теофиль Готье;1811;1872;;Франция
Теодор Жерико;1791;1824;Романтизм;Франция
Франческо Хайес;1791;1881;;
Томас Лоуренс;1769;1830;Романтизм;Великобритания
Томас Роулендсон;1756;1827;Романтизм;
Теодор Шассерио;1819;1856;Романтизм;Франция
Ари Шеффер;1795;1858;Романтизм;
Александр-Габриэль Декан;1803;1860;;Франция
Франсуа Буше;1703;1770;Рококо;Франция
Антуан Ватто;1684;1721;Рококо;Королевство Франция
Джованни Баттиста Тьеполо;1696;1770;Рококо;Венецианская республика
Антуан Пэн;1683;1757;Рококо;Франция
Мари Элизабет Луиза Виже-Лебрён;1755;1842;;Франция
Александр Рослин;1718;1793;Рококо;Швеция
Франческо Гварди;1712;1793;Рококо;Италия
Джамбеттино Чиньяроли;1706;1770;Рококо;
Жан Батист Пиллеман;1728;1808;Рококо;Франция
Якопо Амигони;1682;1752;Рококо;Италия
Жак Андре Жозеф Авед;1702;1766;Рококо;Франция
Шарль Андре Ван Лоо;1705;1765;Рококо;Франция
Франсуа Лемуан;1688;1737;Рококо;Франция
Шарль-Жозеф Натуар;1700;1777;Рококо;Франция
Франческо Дзуккарелли;1702;1788;Рококо;Великое герцогство Тосканское
Юбер-Франсуа Гравло;1699;1773;Рококо;Франция
Джамбаттиста Питтoни;1687;1767;;Италия
Жан-Батист-Мари Пьер;1714;1789;Рококо;Франция
Корнелис Трост;1696;1750;Рококо;Нидерланды
Майкл Крейг-Мартин;1941;;Современное искусство;Ирландия
Генри Спенсер Мур;1898;1986;Современное искусство;Великобритания
Ричард Гамильтон;1922;2011;;Великобритания
Дэвид Хокни;1937;;;Великобритания
Эдуардо Паолоцци;1924;2005;;Великобритания
Франк Ауэрбах;1931;;Современное искусство;Великобритания
Леонора Каррингтон;1917;2011;Современное искусство;
Барбара Хепуорт;1903;1975;;Великобритания
Бриджет Райли;1931;;;Великобритания
Паула Рего;1935;;;
Сара Моррис;1967;;Современное искусство;Соединённые Штаты Америки
Джон Уокер;1939;;Современное искусство;Великобритания
Уильям Тёрнбулл;1922;2012;Современное искусство;Великобритания
Терри Аткинсон;1939;;;Великобритания
Аниш Капур;1954;;Современное искусство;
Гленн Браун;1966;;Современное искусство;Великобритания
Билл Вудроу;1948;;Современное искусство;Великобритания
Патрик Колфилд;1936;2005;;Великобритания
Питер Блейк;1932;;;Великобритания
Майк Келли;1954;2012;Современное искусство;Соединённые Штаты Америки
Аллен Джонс;1937;;;Великобритания
Питер Хаусон;1958;;Современное искусство;Великобритания
Анри-Франсуа Ризенер;1767;1828;Неоклассицизм;Франция
Никола Андре Монсио;1754;1837;Неоклассицизм;Франция
Поль Жан Фландрен;1811;1902;;Франция
Эфстафиос Алтинис;1772;1815;Неоклассицизм;
Франсуа Эдуар Пико;1786;1868;Неоклассицизм;Франция
Жан-Огюст-Доминик Энгр;1780;1867;Неоклассицизм;Франция
Александр Андреевич Иванов;1806;1858;Неоклассицизм;Российская империя
Жак-Луи Давид;1748;1825;Неоклассицизм;Франция
Ангелика Кауфман;1741;1807;Неоклассицизм;
Антонелло да Мессина;1430;1479;;Королевство Сицилия
Сандро Боттичелли;1445;1510;;
Пьеро делла Франческа;;1492;Раннее Возрождение;Италия
Донателло;1386;1466;Раннее Возрождение;Флорентийская республика
Колантонио;1420;1460;Раннее Возрождение;Неаполитанское королевство
Бонифацио Бембо;1420;1480;Раннее Возрождение;
Джузеппе Арчимбольдо;1527;1593;Маньеризм;Италия
Аньоло Бронзино;1503;1572;Маньеризм;Италия
Паоло Веронезе;1528;1588;Маньеризм;Италия
Ян ван дер Страт;1523;1605;Маньеризм;Южные Нидерланды
Хендрик Гольциус;1558;1617;Маньеризм;Республика Соединённых провинций
Бенвенуто Челлини;1500;1571;Маньеризм;
Джулио Романо;1499;1546;Маньеризм;Италия
Софонисба Ангиссола;1535;1625;Маньеризм;Италия
Россо Фьорентино;1494;1540;Маньеризм;
Абрахам Блумарт;1565;1651;;Нидерланды
Франческо Приматиччо;1504;1570;;
Доменико Фонтана;1543;1607;Маньеризм;
Федерико Цуккаро;1539;1609;;Италия
Кристофано Аллори;1577;1621;Маньеризм;Италия
Ян ван Хемессен;1500;;Маньеризм;
Таддео Цуккаро;1529;1566;Маньеризм;Италия
Корнелис Корнелиссен;1562;1638;Маньеризм;Нидерланды
Доменико Беккафуми;1486;1551;Маньеризм;
Иоахим Юттеваль;1566;1638;Маньеризм;Нидерланды
Луис де Моралес;1509;1586;Маньеризм;Испания
Ольга Николаевна Сахарова;1889;1967;;Испания
Герасименко Сергей Константинович;1967;;Наивное искусство;Украина
Эмиль Бернар;1868;1941;;Франция
Шарль Теодор Фрер;1814;;Ориентализм;Франция
Феликс-Эмманюэль-Анри Филиппото;1815;1884;Ориентализм;Франция
Эжен Фромантен;1820;1876;Ориентализм;Франция
Дэвид Робертс;1796;1864;Ориентализм;Великобритания
Мариано Фортуни;1838;1874;Ориентализм;Испания
Анри Реньо;1843;1871;Ориентализм;Франция
Изидор Пильс;;1875;;Франция
Гюстав Буланже;1824;1888;Ориентализм;Франция
Жан-Франсуа Портель;1818;1895;Ориентализм;Бельгия
Хосе Тапиро;1836;1913;Ориентализм;Испания
Жан-Жозеф Бенжамен-Констан;1845;1902;;Франция
Джон Фредерик Льюис;1805;1876;Ориентализм;Соединённое королевство Великобритании и Ирландии
Фредерик Артур Бриджман;1847;1928;;Соединённые Штаты Америки
Леон Комер;1850;1916;;Франция
Владимир Глебович Серебровский;1937;2016;;
Гюстав Курбе;1819;1877;Реализм;Франция
Эдвард Хоппер;1882;1967;;Соединённые Штаты Америки
Мария Константиновна Башкирцева;1858;1884;Реализм;
Анри Фантен-Латур;1836;1904;Реализм;Франция
Эндрю Уайет;1917;2009;Реализм;Соединённые Штаты Америки
Александр Антинья;1817;1878;Реализм;Франция
Мауриций Готтлиб;1856;1879;Реализм;Польша
Франсиско Прадилья;1848;1921;Реализм;Испания
Владимир Донатович Орловский;1842;1914;Реализм;Украина
Николай Ефимович Тимков;1912;1993;Реализм;
Вильгельм Лейбль;1844;1900;Реализм;Германия
Эмиль ван Марке;1827;1890;Реализм;Франция
Феликс Трюта;1824;1848;Реализм;Франция
Огюстен Теодюль Рибо;1823;1891;Реализм;Франция
Альфред Стевенс;1823;1906;Реализм;Бельгия
Йозеф Данхаузер;1805;1845;Реализм;Австрия
Альфонс Легрос;1837;1911;Реализм;
Николай Петрович Богданов-Бельский;1868;1945;Реализм;Российская империя
Александр Михайлович Семёнов;1922;1984;Реализм;СССР
Ньюэлл Конверс Уайет;1882;1945;Реализм;Соединённые Штаты Америки
Юзеф Хелмоньский;1849;1914;Реализм;Польша
Колумбану Бордалу Пиньейру;1857;1929;Реализм;Португалия
Франсуа Бонвен;1817;1887;Реализм;Франция
Францишек Жмурко;1859;1910;Реализм;Польша
Альбрехт Дюрер;1471;1528;Немецкое Возрождение;Бавария
Ганс Гольбейн Младший;1497;1543;Немецкое Возрождение;Германия
Ганс Гольбейн Старший;1465;1524;Немецкое Возрождение;Германия
Мастер жития Марии;1500;;Немецкое Возрождение;Германия
Агнеса Дюрер;1475;1539;Немецкое Возрождение;Германия
Ханс фон Аахен;1552;1615;Немецкое Возрождение;Германия
Альбрехт Альтдорфер;1480;1538;Немецкое Возрождение;Германия
Маттиас Грюневальд;;1528;Немецкое Возрождение;Германия
Ханс Бальдунг;1484;1545;Немецкое Возрождение;Германия
Лукас Младший Кранах;1515;1586;Немецкое Возрождение;Германия
Лукас Кранах Старший;1472;1553;Немецкое Возрождение;Священная Римская империя
Михаэль Вольгемут;1434;1519;Немецкое Возрождение;Германия
Штефан Лохнер;1410;1451;Немецкое Возрождение;Германия
Леонхард Бек;;1542;Немецкое Возрождение;Германия
Бартель Бехам;1502;1540;Немецкое Возрождение;Германия
Ганс Себальд Бехам;1500;1550;Немецкое Возрождение;
Йорг Брей Старший;1475;1537;Немецкое Возрождение;Германия
Ганс Плейденвурф;1420;1472;Немецкое Возрождение;Германия
Христоф Амбергер;1505;1562;Немецкое Возрождение;Германия
Гиацинт Риго;1659;1743;Барокко в живописи;Франция
Бартоломе Эстебан Мурильо;1617;1682;Барокко в живописи;Испания
Якоб ван Рёйсдал;1628;1682;Барокко в живописи;Нидерланды
Симон Вуэ;1590;1649;Барокко в живописи;Франция
Винченцо Кардуччи;1576;1638;Барокко в живописи;
Йозеф Хейнц;1564;1609;Барокко в живописи;Швейцария
Бенедетто Лути;1666;1724;Барокко в живописи;
Николаус Кнюпфер;1609;;Барокко в живописи;Нидерланды
Войцех Бобовский;1610;1675;Барокко в живописи;Польша
Шимон Чехович;1689;1775;Барокко в живописи;Польша
Виллем ван Хахт;1593;1637;Барокко в живописи;Южные Нидерланды
Ежи Семигиновский-Элеутер;1660;1711;Барокко в живописи;Польша
Николо Реньери;;1667;Барокко в живописи;
Грегорио Васкес де Арсе-и-Себальос;1638;1711;Барокко в живописи;Испанская империя
Энди Уорхол;1928;1987;Поп-арт;Соединённые Штаты Америки
Рой Лихтенштейн;1923;1997;Поп-арт;Соединённые Штаты Америки
Клас Олденбург;1929;;Поп-арт;
Роберт Индиана;1928;;Поп-арт;Соединённые Штаты Америки
Рэй Джонсон;1927;1995;;Соединённые Штаты Америки
Яёи Кусама;1929;;;Япония
Джефф Кунс;1955;;;Соединённые Штаты Америки
Зигмар Польке;1941;2010;Поп-арт;Германия
Эд Рушей;1937;;Поп-арт;Соединённые Штаты Америки
Мартина Шеттина;1961;;Поп-арт;Австрия
Марисоль Эскобар;1930;2016;Поп-арт;
Эрро;1932;;Поп-арт;Исландия
Джеймс Розенквист;1933;2017;Поп-арт;Соединённые Штаты Америки
Ольга Васильевна Иваницкая;1931;2009;Поп-арт;
Пер Киркеби;1938;;Поп-арт;Дания
Кит Харинг;1958;1990;;Соединённые Штаты Америки
Джим Дайн;1935;;;Соединённые Штаты Америки
Валерио Адами;1935;;Поп-арт;Италия
Урс Аманн;1951;;Сюрреализм;Швейцария
Леонардо Суарес;1910;2003;Сюрреализм;Испания
Сирак Мелконян;;;Сюрреализм;
Сальвадор Дали;1904;1989;Сюрреализм;Испания
Фрида Кало;1907;1954;Сюрреализм;Мексика
Пабло Пикассо;1881;1973;;Испания
Марсель Дюшан;1887;1968;;
Ман Рэй;1890;1976;;Соединённые Штаты Америки
Мерет Оппенгейм;1913;1985;Сюрреализм;
Карл Отто Гёц;1914;2017;Сюрреализм;
Жоан Миро;1893;1983;Сюрреализм;Испания
Никола Пуссен;1594;1665;Классицизм;Франция
Джакомо Кваренги;1744;1817;Классицизм;Италия
Жорж Дюмениль де Латур;1593;1652;;Лотарингия
Клод Лоррен;1600;1682;Классицизм;Лотарингия
Филипп де Шампань;1602;1674;Классицизм;
Джованни Баттиста Пиранези;1720;1778;Классицизм;
Пьер Миньяр;1612;1695;Классицизм;Франция
Луи Мишель Ван Лоо;1707;1771;Классицизм;Франция
Помпео Джироламо Батони;1708;1787;Классицизм;Италия
Якоб Филипп Гаккерт;1737;1807;Классицизм;Германия
Аллан Рэмзи;1713;1784;Классицизм;Великобритания
Жак Стелла;1596;1657;Классицизм;Франция
Винсент Ван Гог;1853;1890;;Королевство Нидерландов
Вильмош Аба-Новак;1894;1941;Экспрессионизм;
Август Маке;1887;1914;Экспрессионизм;Германская империя
Эдвард Мунк;1863;1944;Экспрессионизм;Норвегия
Пауль Клее;1879;1940;Экспрессионизм;Германия
Эгон Шиле;1890;1918;Экспрессионизм;Австрия
Франц Марк;1880;1916;Экспрессионизм;Германская империя
Василий Васильевич Кандинский;1866;1944;Экспрессионизм;
Карл Хофер;1878;1955;Экспрессионизм;Германия
Александр Канольдт;1881;1939;Экспрессионизм;Германия
Герварт Вальден;1878;1941;Экспрессионизм;Германия
Кристиан Рольфс;1849;1938;Экспрессионизм;Германия
Вильгельм Моргнер;1891;1917;Экспрессионизм;Германская империя
Отто Модерзон;1865;1943;Экспрессионизм;Германия
Антон Рэдершайдт;1892;1970;Экспрессионизм;Германия
Эрих Бютнер;1889;1936;Экспрессионизм;Германия
Марк Захарович Шагал;1887;1985;Экспрессионизм;
Георг Гросс;1893;1959;;
Анатолий Тимофеевич Зверев;1931;1986;Экспрессионизм;СССР
Фриц Бауман;1886;1942;Экспрессионизм;Швейцария
Рихард Герстль;1883;1908;Экспрессионизм;Австро-Венгрия
Кете Кольвиц;1867;1945;Экспрессионизм;Германия
Эмиль Нольде;1867;1956;Экспрессионизм;Германия
Отто Дикс;1891;1969;;Германия
Хуан Грис;1887;1927;Кубизм;Испания
Жорж Брак;1882;1963;Кубизм;Франция
Фернан Леже;1881;1955;Кубизм;Франция
Франсис Пикабиа;1879;1953;;Франция
Александр Порфирьевич Архипенко;1887;1964;Кубизм;
Жан Метценже;1883;1956;Кубизм;Франция
Амеде Озанфан;1886;1966;;Франция
Йозеф Чапек;1887;1945;;
Мария Ивановна Васильева;1884;1957;Кубизм;
Макс Вебер;1881;1961;;Соединённые Штаты Америки
Огюст Эрбен;1882;1960;Кубизм;Франция
Альбер Глез;1881;1953;Кубизм;Франция
Роже де ла Френе;1885;1925;Кубизм;Франция
Ханнс Больц;1885;1918;;Германская империя
Анри Ле Фоконье;1881;1946;Кубизм;Франция
Патрик Генри Брюс;1881;1936;Кубизм;Соединённые Штаты Америки
Сесил Ховард;1888;1956;;Соединённые Штаты Америки
Вера Николаевна Рохлина;1896;1934;;
Поль Сезанн;1839;1906;Постимпрессионизм;Франция
Поль Гоген;1848;1903;;Франция
Анри де Тулуз-Лотрек;1864;1901;Постимпрессионизм;Франция
Пит Мондриан;1872;1944;;Королевство Нидерландов
Анри Руссо;1844;1910;Постимпрессионизм;Франция
Леонид Осипович Пастернак;1862;1945;Постимпрессионизм;
Эдуар Вюйар;1868;1940;;Франция
Морис Брэзил Прендергаст;1858;1924;Постимпрессионизм;Соединённые Штаты Америки
Эдуард Леон Кортес;1882;1969;Постимпрессионизм;Франция
Хоакин Соролья;1863;1923;Постимпрессионизм;Испания
Жоржетта Агютт;1867;1922;Постимпрессионизм;Франция
Влахо Буковац;1855;1922;Постимпрессионизм;
Альбер-Шарль Лебур;1849;1928;;Франция
Уолтер Сикерт;1860;1942;Постимпрессионизм;Германия
Поль Рене Шютценберже;1860;1916;Постимпрессионизм;Франция
Шарль Котте;1863;1925;Постимпрессионизм;Франция
Перси Крафт;1856;1934;Постимпрессионизм;Великобритания
Альберт Бирштадт;1830;1902;Школа реки Гудзон;
Томас Коул;1801;1848;Школа реки Гудзон;
Фредерик Эдвин Чёрч;1826;1900;Школа реки Гудзон;Соединённые Штаты Америки
Ашер Браун Дюран;1796;1886;Школа реки Гудзон;Соединённые Штаты Америки
Сэнфорд Робинсон Гиффорд;1823;1880;Школа реки Гудзон;Соединённые Штаты Америки
Джон Фредерик Кенсетт;1816;1872;Школа реки Гудзон;Соединённые Штаты Америки
Томас Моран;1837;1926;Школа реки Гудзон;Соединённые Штаты Америки
Уильям Трост Ричардс;1833;1905;Школа реки Гудзон;Соединённые Штаты Америки
Джервис Макэнти;1828;1891;Школа реки Гудзон;Соединённые Штаты Америки
Роберт Скотт Данкансон;1821;1872;Школа реки Гудзон;Соединённые Штаты Америки
Джон Уильям Касильер;1811;1893;Школа реки Гудзон;Соединённые Штаты Америки
Мартин Джонсон Хед;1819;1904;;Соединённые Штаты Америки
Дэвид Джонсон;1827;1908;Школа реки Гудзон;Соединённые Штаты Америки
Джексон Поллок;1912;1956;;Соединённые Штаты Америки
Виллем де Кунинг;1904;1997;;
Карел Аппел;1921;2006;;Королевство Нидерландов
Луиза Буржуа;1911;2010;;
Сай Твомбли;1928;2011;Абстрактный экспрессионизм;Соединённые Штаты Америки
Марк Ротко;1903;1970;Абстрактный экспрессионизм;Соединённые Штаты Америки
Роберт Мазервелл;1915;1991;Абстрактный экспрессионизм;Соединённые Штаты Америки
Аршил Горки;1904;1948;;
Ганс Гофман;1880;1966;Абстрактный экспрессионизм;Германия
Элен Франкенталер;1928;2011;Абстрактный экспрессионизм;Соединённые Штаты Америки
Марк Тоби;1890;1976;Абстрактный экспрессионизм;Соединённые Штаты Америки
Агнес Мартин;1912;2004;;
Терри Фрост;1915;2003;Абстрактный экспрессионизм;Великобритания
Джек Творков;1900;1982;Абстрактный экспрессионизм;
Эд Рейнхардт;1913;1967;Абстрактный экспрессионизм;Соединённые Штаты Америки
Адольф Готлиб;1903;1974;Абстрактный экспрессионизм;Соединённые Штаты Америки
Франц Клайн;1910;1962;;Соединённые Штаты Америки
Барнетт Ньюман;1905;1970;;Соединённые Штаты Америки
Фрэнк Стелла;1936;;;Соединённые Штаты Америки
Серж Поляков;1900;1969;Абстрактный экспрессионизм;
Джулс Олицки;1922;2007;Абстрактный экспрессионизм;Соединённые Штаты Америки
Эмиль Шумахер;1912;1999;;Германия
Элен де Кунинг;1918;1989;Абстрактный экспрессионизм;Соединённые Штаты Америки
Франц фон Штук;1863;1928;Символизм;Германия
Одилон Редон;1840;1916;Символизм;Франция
Джеймс Эббот Мак-Нейл Уистлер;1834;1903;Символизм;Соединённые Штаты Америки
Гюстав Моро;1826;1898;Символизм;Франция
Виктор Михайлович Васнецов;1848;1926;;
Хуго Симберг;1873;1917;Символизм;Финляндия
Максимилиан Александрович Волошин;1877;1932;Символизм;
Ян Тороп;1858;1928;;Королевство Нидерландов
Рафаэль Коллен;1850;1916;Символизм;Франция
Фелисьен Ропс;1833;1898;;Бельгия
Эдгар Максенс;1871;1954;Символизм;Франция
Морис Дени;1870;1943;;Франция
Ян Торн-Приккер;1868;1932;Символизм;Королевство Нидерландов
Эжен Каррьер;1849;1906;Символизм;Франция
Фернан Кнопф;1858;1921;Символизм;Бельгия
Сантьяго Русиньол;1861;1931;Каталонский модернизм;Испания
Эрменехильдо Англада Камараса;1872;1959;Каталонский модернизм;Испания
Джотто ди Бондоне;;1337;Проторенессанс;Италия
Чимабуэ;1240;1302;Проторенессанс;Флорентийская республика
Люси Бэкон;1857;1932;Американский импрессионизм;Соединённые Штаты Америки
Колин Кэмпбелл Купер;1856;1937;Американский импрессионизм;Соединённые Штаты Америки
Джон Эннекинг;1841;1916;Американский импрессионизм;Соединённые Штаты Америки
Фрэнсис Бэкон;1909;1992;Модернизм;Ирландия
Милена Павлович-Барили;1909;1945;Модернизм;Королевство Сербия
Амадеу ди Соза-Кардозу;1887;1918;Модернизм;Португалия
Жорж-Пьер Сёра;1859;1891;;Франция
Поль Синьяк;1863;1935;Пуантилизм;Франция
Джованни Сегантини;1858;1899;Пуантилизм;
Анна Бош;1848;1936;Пуантилизм;
Максимильен Люс;1858;1941;Пуантилизм;Франция
Анри Кросс;1856;1910;;Франция
Шарль Ангран;1854;1926;Пуантилизм;Франция
Джон Питер Расселл;1858;1930;Пуантилизм;Австралия
Жорж Леммен;1865;1916;Пуантилизм;Бельгия
Людвиг Карстен;1876;1926;Пуантилизм;Норвегия
Казимир Малевич;1879;1935;;
Лазарь Маркович Лисицкий;1890;1941;;
Ольга Владимировна Розанова;1886;1918;;
Иван Васильевич Клюн;1873;1943;;
Шмавон Григорьевич Мангасаров;1907;1992;Супрематизм;
Супремус;;;;
Пинтуриккьо;1454;1513;Возрождение;Италия
Брамантино;;;Возрождение;
Джованни Беллини;1430;1516;Возрождение;Италия
Джорджо Вазари;1511;1578;Возрождение;Италия
Жил Висенте;1465;1536;Возрождение;Португалия
Джироламо дель Паккья;1477;1533;Возрождение;
Бартоломеус Цайтблом;1460;1519;Возрождение;Германия
Джироламо Романино;1485;1566;Возрождение;
Ян Велленс де Кок;1480;1527;Возрождение;Нидерланды
Фернандо де Льянос;1480;1510;Возрождение;Испания
Лоуренс Альма-Тадема;1836;1912;Неопомпейский стиль;
Джон Уильям Годвард;1861;1922;Неопомпейский стиль;Великобритания
Федерико Фаруффини;1833;1869;Неопомпейский стиль;Королевство Италия
Дэвид Говард Хичкок;1861;1943;Вулканическая школа;Соединённые Штаты Америки
Мастер E. S.;1420;1467;Готика;Германия
Рюланд Младший Фрюауф;;1545;Готика;Германия
Анри Бельшоз;1415;1440;Готика;
Эдуар Жозеф Дантан;1848;1897;Натурализм;Франция
Шимон Холлоши;1857;1918;;Австро-Венгрия
Хелена Шерфбек;1862;1946;Натурализм;Финляндия
Жюль Бастьен-Лепаж;1848;1884;Натурализм;Франция
Жан-Франсуа Рафаэлли;1850;1924;;Франция
Паскаль Даньян-Буве;1852;1929;Натурализм;Франция
Гастон Ла Туш;1854;1913;Натурализм;Франция
Вирджиния Демон-Бретон;1859;1935;Натурализм;Франция
